Workbook
Name __DemandLoad: TRUE
Name _1: #REF!
Name _15A: [4]금액내역서!$D$3:$D$10
Name _2: #REF!
Name _3: [5]감가상각!$A$59:$R$88
Name _4: [5]감가상각!$A$89:$R$106
Name _B22: [6]일위대가!$A$1400:$IV$1413=[6]일위대가!$A$1400
Name _K02: [6]일위대가!$A$732:$IV$745=[6]일위대가!$A$732
Name _O03: [6]일위대가!$A$1516:$IV$1529=[6]일위대가!$A$1516
Name _pay1: #REF!
Name _Report: "Sensitivity Table"
Name _ZEBITDA_Sensitivity: {0;0;0;0;5;1;0.75;0;0;0;2;FALSE;FALSE;FALSE;FALSE;FALSE;#N/A;1;100;#N/A;#N/A;"";""}
Name _ZSensitivity_Table: {0;0;0;0;5;1;0.75;0;0;0;2;FALSE;FALSE;FALSE;FALSE;FALSE;#N/A;1;100;#N/A;#N/A;"";""}
Name \a: #REF!
Name \c: #REF!
Name \q: #N/A
Name \r: #N/A
Name \s: #N/A
Name a: #REF!
Name AA: #REF!
Name acete: #REF!
Name ACTUAL: [8]Index!$I$6:$T$46
Name Afalon_WP_200g: #REF!
Name Afugan_EC_500ml: #REF!
Name asc: #REF!
Name asd: #REF!
Name asg: #REF!
Name atoSL: #REF!
Name B_9_WP_100g: #REF!
Name B2BERP합계: [9]B2BERP!$I$24
Name balance: #REF!
Name BaseYear: #REF!
Name BASIC2: '[10]BASIC (2)'!$A$1:$D$129
Name BASICC2: '[11]BASIC (2)'!$A$1:$D$129
Name Basta_SL_300ml: #REF!
Name Basta_SL_500ml: #REF!
Name Befran_P_800g: #REF!
Name Befran_SL_500ml: #REF!
Name Bellkute_WP_250g: #REF!
Name BP_EC_500ml: #REF!
Name BP_EC_5L: #REF!
Name BS_convertpref: #REF!
Name bs_date: #REF!
Name BS_deferredcomp: #REF!
Name BS_discontoper: #REF!
Name BS_goodwill: #REF!
Name BS_inventories: #REF!
Name BS_receivables: #REF!
Name BS_straightpref: #REF!
Name buta: #REF!
Name C_: #N/A
Name Carpinda_GR_2kg: #REF!
Name cash_fv: #REF!
Name cash_terminal: #REF!
Name CF_convertdebt: #REF!
Name CF_deferredtaxes: #REF!
Name CF_gwamort: #REF!
Name CF_minority: #REF!
Name ChangeInCommonEquity: #REF!
Name ChangeInConvertiblePreferredStock: #REF!

Sheet 연봉테이블
B2: ■ 근로자 기본정보 및 임금구성항목 설계
AQ5: 구분 | AR5: 2026년 최저임금 | AS5: 2026년 최저임금
G6: ※ 급여 TABLE 신규 채용자 입력 방법( *빨간색 테두리 안 셀만 입력해주세요) 1. 기본 인적사항 입력→ 2. 근로자에게 지급하고자 하는 총 연봉 입력→ 3. 비 과세 수당 있을 시 작성(자동으로 기본급에서 공제됨)→ 4. 월 고정OT 입력(최저임금 준수여부 확인하며 최대 '52'까지 입력가능) | AQ6: 시급 | AR6: 10320 | AS6: 10320
AQ7: 월급 | AR7: =ROUND(AR6*209,0) -> 2156880 | AS7: =ROUND(AS6*209,0) -> 2156880
AR8: 복리후생비 | AS8: 복리후생비
AQ9: 최저 산입비율 | AR9: 2025년 | AS9: 2025년
AR10: 0 | AS10: 0
AQ11: 미산입금액 | AR11: =ROUND(AR7*AR10,0) -> 0 | AS11: =ROUND(AS7*AS10,0) -> 0
L13: 근로일 | M13: 5 | O13: 1년 평균 한 달 주 수 | Q13: 4.345
B17: 기본 인적사항 | J17: 근로 계약기간 | L17: 근로시간 수 | N17: 고정연장근로수당(Overtime) 반영된 임금 지급액 | AB17: 통상시급 | AC17: 2026 최저임금 비교기준임금 | AD17: 2025 최저시급 준수여부 | AF17: 과세금액 | AG17: 공제 금액 | AO17: 실지급액
B18: No. | C18: 성명 | D18: 부서 | E18: 직급 | F18: 주민등록번호 | G18: 근무일 | H18: 근무시간 | I18: 휴게시간 | J18: 입사일 | K18: 계약기간 만료일 | L18: (일) 소정근로시간 수[A] | M18: (월) 소정근로시간 수[A] | N18: 기본급 (월 소정근로시간에 대한 임금) | O18: 고정연장수당 (월 고정OT시간에 대한 임금) | R18: (월) 총 근로시간 [A+(B*1.5)+(C*1.5)] | S18: 비 과세 수당 | V18: 직책수당 | W18: 직급수당 | X18: 기타수당 | Y18: 총 월급여액 | Z18: 상여금제외 연봉 | AG18: 소득세 | AH18: 주민세 | AI18: 국민연금 | AJ18: 건강보험 | AK18: 장기요양보험 | AL18: 고용보험 | AM18: 기타공제 | AN18: 총 공제금액
O19: 고정연장 수당 | P19: (주) 고정연장 시간 | Q19: (월) 고정얀징 시간[B] | S19: 식대 | T19: 차량유지비 | U19: 자녀 양육수당 | AA19: CHECK | AI19: 0.045 | AJ19: 0.03545 | AK19: 0.1295 | AL19: 0.009 | AQ19: 이름 | AR19: 소득세 공제인원 (본인1명:1입력) | AS19: 8세 이상 20세 이하
B20: 1 | K20: 정규직 | L20: 8 | M20: =ROUND(((L20*$M$13)+L20)*4.345,0) -> 209 | N20: =IFERROR((Y20-SUM(O20,S20:X20)),"-") -> 2142546 | O20: =ROUND(Q20*AB20*1.5,0) -> 657454 | P20: 9 | Q20: =P20*4.345 -> 39.105 | R20: =M20+(P20*1.5*4.345) -> 267.6575 | S20: 200000 | X20: 0 | Y20: =ROUND(IFERROR((Z20/12),"-"),0) -> 3000000 | Z20: 36000000 | AA20: =IF(Y20=N20+O20+S20+T20+U20+V20+W20+X20,"OK","NOTOK") -> OK | AB20: =(Y20)/R20 -> 11208.354 | AC20: =IFERROR(IF(SUM(S20:U20)>0,(N20+SUM(S20:U20)-AR11)/M20,(N20+SUM(S20:U20))/M20),"-") -> 11208.354 | AD20: =IFERROR(IF(AC20<$AR$6,"미준수","준수"),"-") -> 준수 | AF20: =Y20-(S20+T20+U20) -> 2800000 | AG20: =IFERROR(ROUNDDOWN(IF(AF20>87000000,1507400+31034600+(AF20-87000000)*0.45,IF(AF20>45000000,1507400+13394600+(AF20-45000000)*0.42,IF(AF20>30000000,1507400+7394600+(AF20-30000000)*0.4,IF(AF20>28000000,1507400+6610600+(AF20-28000000)*0.98*0.4,IF(AF20>14000000,1507400+1397000+(AF20-14000000)*0.98*0.38,IF(AF20>10000000,1507400+25000+(AF20-10000000)*0.98*0.35,IF(AF20=10000000,1507400,VLOOKUP(AF20,간이세액표!$A$5:$M$651,(2+AR20),1)))))))),-1),0)-IF(AS20=0,0,IF(AS20=1,12500,IF(AQ5=2,29160,29160+(AS20-2)*25000))) -> 56800 | AH20: =IFERROR(ROUNDDOWN(AG20*0.1,-1),0) -> 5680 | AI20: =ROUNDDOWN(ROUNDDOWN(AF20,-3)*$AI$19,-1) -> 126000 | AJ20: =ROUNDDOWN(AF20*$AJ$19,-1) -> 99260 | AK20: =ROUNDDOWN(AJ20*$AK$19,-1) -> 12850 | AL20: =ROUNDDOWN(AF20*$AL$19,-1) -> 25200 | AN20: =SUM(AG20:AM20) -> 325790 | AO20: =Y20-AN20 -> 2674210 | AQ20: =C20 -> 0 | AR20: 1
B21: =B20+1 -> 2 | K21: 정규직 | L21: 8 | M21: =ROUND(((L21*$M$13)+L21)*4.345,0) -> 209 | N21: =IFERROR((Y21-SUM(O21,S21:X21)),"-") -> 0 | O21: =ROUND(Q21*AB21*1.5,0) -> 0 | Q21: =P21*4.345 -> 0 | R21: =M21+(P21*1.5*4.345) -> 209 | X21: 0 | Y21: =ROUND(IFERROR((Z21/12),"-"),0) -> 0 | AA21: =IF(Y21=N21+O21+S21+T21+U21+V21+W21+X21,"OK","NOTOK") -> OK | AB21: =(Y21)/R21 -> 0 | AC21: =IFERROR(IF(SUM(S21:U21)>0,(N21+SUM(S21:U21)-AR12)/M21,(N21+SUM(S21:U21))/M21),"-") -> 0 | AD21: =IFERROR(IF(AC21<$AR$6,"미준수","준수"),"-") -> 미준수 | AF21: =Y21-(S21+T21+U21) -> 0 | AG21: =IFERROR(ROUNDDOWN(IF(AF21>87000000,1507400+31034600+(AF21-87000000)*0.45,IF(AF21>45000000,1507400+13394600+(AF21-45000000)*0.42,IF(AF21>30000000,1507400+7394600+(AF21-30000000)*0.4,IF(AF21>28000000,1507400+6610600+(AF21-28000000)*0.98*0.4,IF(AF21>14000000,1507400+1397000+(AF21-14000000)*0.98*0.38,IF(AF21>10000000,1507400+25000+(AF21-10000000)*0.98*0.35,IF(AF21=10000000,1507400,VLOOKUP(AF21,간이세액표!$A$5:$M$651,(2+AR21),1)))))))),-1),0)-IF(AS21=0,0,IF(AS21=1,12500,IF(AQ6=2,29160,29160+(AS21-2)*25000))) -> 0 | AH21: =IFERROR(ROUNDDOWN(AG21*0.1,-1),0) -> 0 | AI21: =ROUNDDOWN(ROUNDDOWN(AF21,-3)*$AI$19,-1) -> 0 | AJ21: =ROUNDDOWN(AF21*$AJ$19,-1) -> 0 | AK21: =ROUNDDOWN(AJ21*$AK$19,-1) -> 0 | AL21: =ROUNDDOWN(AF21*$AL$19,-1) -> 0 | AN21: =SUM(AG21:AM21) -> 0 | AO21: =Y21-AN21 -> 0 | AQ21: =C21 -> 0 | AR21: 1
B22: =B21+1 -> 3 | K22: 정규직 | L22: 8 | M22: =ROUND(((L22*$M$13)+L22)*4.345,0) -> 209 | N22: =IFERROR((Y22-SUM(O22,S22:X22)),"-") -> 0 | O22: =ROUND(Q22*AB22*1.5,0) -> 0 | Q22: =P22*4.345 -> 0 | R22: =M22+(P22*1.5*4.345) -> 209 | X22: 0 | Y22: =ROUND(IFERROR((Z22/12),"-"),0) -> 0 | AA22: =IF(Y22=N22+O22+S22+T22+U22+V22+W22+X22,"OK","NOTOK") -> OK | AB22: =(Y22)/R22 -> 0 | AC22: =IFERROR(IF(SUM(S22:U22)>0,(N22+SUM(S22:U22)-AR13)/M22,(N22+SUM(S22:U22))/M22),"-") -> 0 | AD22: =IFERROR(IF(AC22<$AR$6,"미준수","준수"),"-") -> 미준수 | AF22: =Y22-(S22+T22+U22) -> 0 | AG22: =IFERROR(ROUNDDOWN(IF(AF22>87000000,1507400+31034600+(AF22-87000000)*0.45,IF(AF22>45000000,1507400+13394600+(AF22-45000000)*0.42,IF(AF22>30000000,1507400+7394600+(AF22-30000000)*0.4,IF(AF22>28000000,1507400+6610600+(AF22-28000000)*0.98*0.4,IF(AF22>14000000,1507400+1397000+(AF22-14000000)*0.98*0.38,IF(AF22>10000000,1507400+25000+(AF22-10000000)*0.98*0.35,IF(AF22=10000000,1507400,VLOOKUP(AF22,간이세액표!$A$5:$M$651,(2+AR22),1)))))))),-1),0)-IF(AS22=0,0,IF(AS22=1,12500,IF(AQ7=2,29160,29160+(AS22-2)*25000))) -> 0 | AH22: =IFERROR(ROUNDDOWN(AG22*0.1,-1),0) -> 0 | AI22: =ROUNDDOWN(ROUNDDOWN(AF22,-3)*$AI$19,-1) -> 0 | AJ22: =ROUNDDOWN(AF22*$AJ$19,-1) -> 0 | AK22: =ROUNDDOWN(AJ22*$AK$19,-1) -> 0 | AL22: =ROUNDDOWN(AF22*$AL$19,-1) -> 0 | AN22: =SUM(AG22:AM22) -> 0 | AO22: =Y22-AN22 -> 0 | AQ22: =C22 -> 0 | AR22: 1
B23: =B22+1 -> 4 | K23: 정규직 | L23: 8 | M23: =ROUND(((L23*$M$13)+L23)*4.345,0) -> 209 | N23: =IFERROR((Y23-SUM(O23,S23:X23)),"-") -> 0 | O23: =ROUND(Q23*AB23*1.5,0) -> 0 | Q23: =P23*4.345 -> 0 | R23: =M23+(P23*1.5*4.345) -> 209 | X23: 0 | Y23: =ROUND(IFERROR((Z23/12),"-"),0) -> 0 | AA23: =IF(Y23=N23+O23+S23+T23+U23+V23+W23+X23,"OK","NOTOK") -> OK | AB23: =(Y23)/R23 -> 0 | AC23: =IFERROR(IF(SUM(S23:U23)>0,(N23+SUM(S23:U23)-AR14)/M23,(N23+SUM(S23:U23))/M23),"-") -> 0 | AD23: =IFERROR(IF(AC23<$AR$6,"미준수","준수"),"-") -> 미준수 | AF23: =Y23-(S23+T23+U23) -> 0 | AG23: =IFERROR(ROUNDDOWN(IF(AF23>87000000,1507400+31034600+(AF23-87000000)*0.45,IF(AF23>45000000,1507400+13394600+(AF23-45000000)*0.42,IF(AF23>30000000,1507400+7394600+(AF23-30000000)*0.4,IF(AF23>28000000,1507400+6610600+(AF23-28000000)*0.98*0.4,IF(AF23>14000000,1507400+1397000+(AF23-14000000)*0.98*0.38,IF(AF23>10000000,1507400+25000+(AF23-10000000)*0.98*0.35,IF(AF23=10000000,1507400,VLOOKUP(AF23,간이세액표!$A$5:$M$651,(2+AR23),1)))))))),-1),0)-IF(AS23=0,0,IF(AS23=1,12500,IF(AQ8=2,29160,29160+(AS23-2)*25000))) -> 0 | AH23: =IFERROR(ROUNDDOWN(AG23*0.1,-1),0) -> 0 | AI23: =ROUNDDOWN(ROUNDDOWN(AF23,-3)*$AI$19,-1) -> 0 | AJ23: =ROUNDDOWN(AF23*$AJ$19,-1) -> 0 | AK23: =ROUNDDOWN(AJ23*$AK$19,-1) -> 0 | AL23: =ROUNDDOWN(AF23*$AL$19,-1) -> 0 | AN23: =SUM(AG23:AM23) -> 0 | AO23: =Y23-AN23 -> 0 | AQ23: =C23 -> 0 | AR23: 1
B24: =B23+1 -> 5 | K24: 정규직 | L24: 8 | M24: =ROUND(((L24*$M$13)+L24)*4.345,0) -> 209 | N24: =IFERROR((Y24-SUM(O24,S24:X24)),"-") -> 0 | O24: =ROUND(Q24*AB24*1.5,0) -> 0 | Q24: =P24*4.345 -> 0 | R24: =M24+(P24*1.5*4.345) -> 209 | X24: 0 | Y24: =ROUND(IFERROR((Z24/12),"-"),0) -> 0 | AA24: =IF(Y24=N24+O24+S24+T24+U24+V24+W24+X24,"OK","NOTOK") -> OK | AB24: =(Y24)/R24 -> 0 | AC24: =IFERROR(IF(SUM(S24:U24)>0,(N24+SUM(S24:U24)-AR15)/M24,(N24+SUM(S24:U24))/M24),"-") -> 0 | AD24: =IFERROR(IF(AC24<$AR$6,"미준수","준수"),"-") -> 미준수 | AF24: =Y24-(S24+T24+U24) -> 0 | AG24: =IFERROR(ROUNDDOWN(IF(AF24>87000000,1507400+31034600+(AF24-87000000)*0.45,IF(AF24>45000000,1507400+13394600+(AF24-45000000)*0.42,IF(AF24>30000000,1507400+7394600+(AF24-30000000)*0.4,IF(AF24>28000000,1507400+6610600+(AF24-28000000)*0.98*0.4,IF(AF24>14000000,1507400+1397000+(AF24-14000000)*0.98*0.38,IF(AF24>10000000,1507400+25000+(AF24-10000000)*0.98*0.35,IF(AF24=10000000,1507400,VLOOKUP(AF24,간이세액표!$A$5:$M$651,(2+AR24),1)))))))),-1),0)-IF(AS24=0,0,IF(AS24=1,12500,IF(AQ9=2,29160,29160+(AS24-2)*25000))) -> 0 | AH24: =IFERROR(ROUNDDOWN(AG24*0.1,-1),0) -> 0 | AI24: =ROUNDDOWN(ROUNDDOWN(AF24,-3)*$AI$19,-1) -> 0 | AJ24: =ROUNDDOWN(AF24*$AJ$19,-1) -> 0 | AK24: =ROUNDDOWN(AJ24*$AK$19,-1) -> 0 | AL24: =ROUNDDOWN(AF24*$AL$19,-1) -> 0 | AN24: =SUM(AG24:AM24) -> 0 | AO24: =Y24-AN24 -> 0 | AQ24: =C24 -> 0 | AR24: 1
B25: =B24+1 -> 6 | K25: 정규직 | L25: 8 | M25: =ROUND(((L25*$M$13)+L25)*4.345,0) -> 209 | N25: =IFERROR((Y25-SUM(O25,S25:X25)),"-") -> 0 | O25: =ROUND(Q25*AB25*1.5,0) -> 0 | Q25: =P25*4.345 -> 0 | R25: =M25+(P25*1.5*4.345) -> 209 | X25: 0 | Y25: =ROUND(IFERROR((Z25/12),"-"),0) -> 0 | AA25: =IF(Y25=N25+O25+S25+T25+U25+V25+W25+X25,"OK","NOTOK") -> OK | AB25: =(Y25)/R25 -> 0 | AC25: =IFERROR(IF(SUM(S25:U25)>0,(N25+SUM(S25:U25)-AR16)/M25,(N25+SUM(S25:U25))/M25),"-") -> 0 | AD25: =IFERROR(IF(AC25<$AR$6,"미준수","준수"),"-") -> 미준수 | AF25: =Y25-(S25+T25+U25) -> 0 | AG25: =IFERROR(ROUNDDOWN(IF(AF25>87000000,1507400+31034600+(AF25-87000000)*0.45,IF(AF25>45000000,1507400+13394600+(AF25-45000000)*0.42,IF(AF25>30000000,1507400+7394600+(AF25-30000000)*0.4,IF(AF25>28000000,1507400+6610600+(AF25-28000000)*0.98*0.4,IF(AF25>14000000,1507400+1397000+(AF25-14000000)*0.98*0.38,IF(AF25>10000000,1507400+25000+(AF25-10000000)*0.98*0.35,IF(AF25=10000000,1507400,VLOOKUP(AF25,간이세액표!$A$5:$M$651,(2+AR25),1)))))))),-1),0)-IF(AS25=0,0,IF(AS25=1,12500,IF(AQ10=2,29160,29160+(AS25-2)*25000))) -> 0 | AH25: =IFERROR(ROUNDDOWN(AG25*0.1,-1),0) -> 0 | AI25: =ROUNDDOWN(ROUNDDOWN(AF25,-3)*$AI$19,-1) -> 0 | AJ25: =ROUNDDOWN(AF25*$AJ$19,-1) -> 0 | AK25: =ROUNDDOWN(AJ25*$AK$19,-1) -> 0 | AL25: =ROUNDDOWN(AF25*$AL$19,-1) -> 0 | AN25: =SUM(AG25:AM25) -> 0 | AO25: =Y25-AN25 -> 0 | AQ25: =C25 -> 0 | AR25: 1
B26: =B25+1 -> 7 | K26: 정규직 | L26: 8 | M26: =ROUND(((L26*$M$13)+L26)*4.345,0) -> 209 | N26: =IFERROR((Y26-SUM(O26,S26:X26)),"-") -> 0 | O26: =ROUND(Q26*AB26*1.5,0) -> 0 | Q26: =P26*4.345 -> 0 | R26: =M26+(P26*1.5*4.345) -> 209 | X26: 0 | Y26: =ROUND(IFERROR((Z26/12),"-"),0) -> 0 | AA26: =IF(Y26=N26+O26+S26+T26+U26+V26+W26+X26,"OK","NOTOK") -> OK | AB26: =(Y26)/R26 -> 0 | AC26: =IFERROR(IF(SUM(S26:U26)>0,(N26+SUM(S26:U26)-AR17)/M26,(N26+SUM(S26:U26))/M26),"-") -> 0 | AD26: =IFERROR(IF(AC26<$AR$6,"미준수","준수"),"-") -> 미준수 | AF26: =Y26-(S26+T26+U26) -> 0 | AG26: =IFERROR(ROUNDDOWN(IF(AF26>87000000,1507400+31034600+(AF26-87000000)*0.45,IF(AF26>45000000,1507400+13394600+(AF26-45000000)*0.42,IF(AF26>30000000,1507400+7394600+(AF26-30000000)*0.4,IF(AF26>28000000,1507400+6610600+(AF26-28000000)*0.98*0.4,IF(AF26>14000000,1507400+1397000+(AF26-14000000)*0.98*0.38,IF(AF26>10000000,1507400+25000+(AF26-10000000)*0.98*0.35,IF(AF26=10000000,1507400,VLOOKUP(AF26,간이세액표!$A$5:$M$651,(2+AR26),1)))))))),-1),0)-IF(AS26=0,0,IF(AS26=1,12500,IF(AQ11=2,29160,29160+(AS26-2)*25000))) -> 0 | AH26: =IFERROR(ROUNDDOWN(AG26*0.1,-1),0) -> 0 | AI26: =ROUNDDOWN(ROUNDDOWN(AF26,-3)*$AI$19,-1) -> 0 | AJ26: =ROUNDDOWN(AF26*$AJ$19,-1) -> 0 | AK26: =ROUNDDOWN(AJ26*$AK$19,-1) -> 0 | AL26: =ROUNDDOWN(AF26*$AL$19,-1) -> 0 | AN26: =SUM(AG26:AM26) -> 0 | AO26: =Y26-AN26 -> 0 | AQ26: =C26 -> 0 | AR26: 1
B27: =B26+1 -> 8 | K27: 정규직 | L27: 8 | M27: =ROUND(((L27*$M$13)+L27)*4.345,0) -> 209 | N27: =IFERROR((Y27-SUM(O27,S27:X27)),"-") -> 0 | O27: =ROUND(Q27*AB27*1.5,0) -> 0 | Q27: =P27*4.345 -> 0 | R27: =M27+(P27*1.5*4.345) -> 209 | X27: 0 | Y27: =ROUND(IFERROR((Z27/12),"-"),0) -> 0 | AA27: =IF(Y27=N27+O27+S27+T27+U27+V27+W27+X27,"OK","NOTOK") -> OK | AB27: =(Y27)/R27 -> 0 | AC27: =IFERROR(IF(SUM(S27:U27)>0,(N27+SUM(S27:U27)-AR18)/M27,(N27+SUM(S27:U27))/M27),"-") -> 0 | AD27: =IFERROR(IF(AC27<$AR$6,"미준수","준수"),"-") -> 미준수 | AF27: =Y27-(S27+T27+U27) -> 0 | AG27: =IFERROR(ROUNDDOWN(IF(AF27>87000000,1507400+31034600+(AF27-87000000)*0.45,IF(AF27>45000000,1507400+13394600+(AF27-45000000)*0.42,IF(AF27>30000000,1507400+7394600+(AF27-30000000)*0.4,IF(AF27>28000000,1507400+6610600+(AF27-28000000)*0.98*0.4,IF(AF27>14000000,1507400+1397000+(AF27-14000000)*0.98*0.38,IF(AF27>10000000,1507400+25000+(AF27-10000000)*0.98*0.35,IF(AF27=10000000,1507400,VLOOKUP(AF27,간이세액표!$A$5:$M$651,(2+AR27),1)))))))),-1),0)-IF(AS27=0,0,IF(AS27=1,12500,IF(AQ12=2,29160,29160+(AS27-2)*25000))) -> 0 | AH27: =IFERROR(ROUNDDOWN(AG27*0.1,-1),0) -> 0 | AI27: =ROUNDDOWN(ROUNDDOWN(AF27,-3)*$AI$19,-1) -> 0 | AJ27: =ROUNDDOWN(AF27*$AJ$19,-1) -> 0 | AK27: =ROUNDDOWN(AJ27*$AK$19,-1) -> 0 | AL27: =ROUNDDOWN(AF27*$AL$19,-1) -> 0 | AN27: =SUM(AG27:AM27) -> 0 | AO27: =Y27-AN27 -> 0 | AQ27: =C27 -> 0 | AR27: 1
B28: =B27+1 -> 9 | K28: 정규직 | L28: 8 | M28: =ROUND(((L28*$M$13)+L28)*4.345,0) -> 209 | N28: =IFERROR((Y28-SUM(O28,S28:X28)),"-") -> 0 | O28: =ROUND(Q28*AB28*1.5,0) -> 0 | Q28: =P28*4.345 -> 0 | R28: =M28+(P28*1.5*4.345) -> 209 | X28: 0 | Y28: =ROUND(IFERROR((Z28/12),"-"),0) -> 0 | AA28: =IF(Y28=N28+O28+S28+T28+U28+V28+W28+X28,"OK","NOTOK") -> OK | AB28: =(Y28)/R28 -> 0 | AC28: =IFERROR(IF(SUM(S28:U28)>0,(N28+SUM(S28:U28)-AR19)/M28,(N28+SUM(S28:U28))/M28),"-") -> 0 | AD28: =IFERROR(IF(AC28<$AR$6,"미준수","준수"),"-") -> 미준수 | AF28: =Y28-(S28+T28+U28) -> 0 | AG28: =IFERROR(ROUNDDOWN(IF(AF28>87000000,1507400+31034600+(AF28-87000000)*0.45,IF(AF28>45000000,1507400+13394600+(AF28-45000000)*0.42,IF(AF28>30000000,1507400+7394600+(AF28-30000000)*0.4,IF(AF28>28000000,1507400+6610600+(AF28-28000000)*0.98*0.4,IF(AF28>14000000,1507400+1397000+(AF28-14000000)*0.98*0.38,IF(AF28>10000000,1507400+25000+(AF28-10000000)*0.98*0.35,IF(AF28=10000000,1507400,VLOOKUP(AF28,간이세액표!$A$5:$M$651,(2+AR28),1)))))))),-1),0)-IF(AS28=0,0,IF(AS28=1,12500,IF(AQ13=2,29160,29160+(AS28-2)*25000))) -> 0 | AH28: =IFERROR(ROUNDDOWN(AG28*0.1,-1),0) -> 0 | AI28: =ROUNDDOWN(ROUNDDOWN(AF28,-3)*$AI$19,-1) -> 0 | AJ28: =ROUNDDOWN(AF28*$AJ$19,-1) -> 0 | AK28: =ROUNDDOWN(AJ28*$AK$19,-1) -> 0 | AL28: =ROUNDDOWN(AF28*$AL$19,-1) -> 0 | AN28: =SUM(AG28:AM28) -> 0 | AO28: =Y28-AN28 -> 0 | AQ28: =C28 -> 0 | AR28: 1
B29: =B28+1 -> 10 | K29: 정규직 | L29: 8 | M29: =ROUND(((L29*$M$13)+L29)*4.345,0) -> 209 | N29: =IFERROR((Y29-SUM(O29,S29:X29)),"-") -> 0 | O29: =ROUND(Q29*AB29*1.5,0) -> 0 | Q29: =P29*4.345 -> 0 | R29: =M29+(P29*1.5*4.345) -> 209 | X29: 0 | Y29: =ROUND(IFERROR((Z29/12),"-"),0) -> 0 | AA29: =IF(Y29=N29+O29+S29+T29+U29+V29+W29+X29,"OK","NOTOK") -> OK | AB29: =(Y29)/R29 -> 0 | AC29: =IFERROR(IF(SUM(S29:U29)>0,(N29+SUM(S29:U29)-AR20)/M29,(N29+SUM(S29:U29))/M29),"-") -> 0 | AD29: =IFERROR(IF(AC29<$AR$6,"미준수","준수"),"-") -> 미준수 | AF29: =Y29-(S29+T29+U29) -> 0 | AG29: =IFERROR(ROUNDDOWN(IF(AF29>87000000,1507400+31034600+(AF29-87000000)*0.45,IF(AF29>45000000,1507400+13394600+(AF29-45000000)*0.42,IF(AF29>30000000,1507400+7394600+(AF29-30000000)*0.4,IF(AF29>28000000,1507400+6610600+(AF29-28000000)*0.98*0.4,IF(AF29>14000000,1507400+1397000+(AF29-14000000)*0.98*0.38,IF(AF29>10000000,1507400+25000+(AF29-10000000)*0.98*0.35,IF(AF29=10000000,1507400,VLOOKUP(AF29,간이세액표!$A$5:$M$651,(2+AR29),1)))))))),-1),0)-IF(AS29=0,0,IF(AS29=1,12500,IF(AQ14=2,29160,29160+(AS29-2)*25000))) -> 0 | AH29: =IFERROR(ROUNDDOWN(AG29*0.1,-1),0) -> 0 | AI29: =ROUNDDOWN(ROUNDDOWN(AF29,-3)*$AI$19,-1) -> 0 | AJ29: =ROUNDDOWN(AF29*$AJ$19,-1) -> 0 | AK29: =ROUNDDOWN(AJ29*$AK$19,-1) -> 0 | AL29: =ROUNDDOWN(AF29*$AL$19,-1) -> 0 | AN29: =SUM(AG29:AM29) -> 0 | AO29: =Y29-AN29 -> 0 | AQ29: =C29 -> 0 | AR29: 1
B30: =B29+1 -> 11 | K30: 정규직 | L30: 8 | M30: =ROUND(((L30*$M$13)+L30)*4.345,0) -> 209 | N30: =IFERROR((Y30-SUM(O30,S30:X30)),"-") -> 0 | O30: =ROUND(Q30*AB30*1.5,0) -> 0 | Q30: =P30*4.345 -> 0 | R30: =M30+(P30*1.5*4.345) -> 209 | X30: 0 | Y30: =ROUND(IFERROR((Z30/12),"-"),0) -> 0 | AA30: =IF(Y30=N30+O30+S30+T30+U30+V30+W30+X30,"OK","NOTOK") -> OK | AB30: =(Y30)/R30 -> 0 | AC30: =IFERROR(IF(SUM(S30:U30)>0,(N30+SUM(S30:U30)-AR21)/M30,(N30+SUM(S30:U30))/M30),"-") -> 0 | AD30: =IFERROR(IF(AC30<$AR$6,"미준수","준수"),"-") -> 미준수 | AF30: =Y30-(S30+T30+U30) -> 0 | AG30: =IFERROR(ROUNDDOWN(IF(AF30>87000000,1507400+31034600+(AF30-87000000)*0.45,IF(AF30>45000000,1507400+13394600+(AF30-45000000)*0.42,IF(AF30>30000000,1507400+7394600+(AF30-30000000)*0.4,IF(AF30>28000000,1507400+6610600+(AF30-28000000)*0.98*0.4,IF(AF30>14000000,1507400+1397000+(AF30-14000000)*0.98*0.38,IF(AF30>10000000,1507400+25000+(AF30-10000000)*0.98*0.35,IF(AF30=10000000,1507400,VLOOKUP(AF30,간이세액표!$A$5:$M$651,(2+AR30),1)))))))),-1),0)-IF(AS30=0,0,IF(AS30=1,12500,IF(AQ15=2,29160,29160+(AS30-2)*25000))) -> 0 | AH30: =IFERROR(ROUNDDOWN(AG30*0.1,-1),0) -> 0 | AI30: =ROUNDDOWN(ROUNDDOWN(AF30,-3)*$AI$19,-1) -> 0 | AJ30: =ROUNDDOWN(AF30*$AJ$19,-1) -> 0 | AK30: =ROUNDDOWN(AJ30*$AK$19,-1) -> 0 | AL30: =ROUNDDOWN(AF30*$AL$19,-1) -> 0 | AN30: =SUM(AG30:AM30) -> 0 | AO30: =Y30-AN30 -> 0 | AQ30: =C30 -> 0 | AR30: 1
B31: =B30+1 -> 12 | K31: 정규직 | L31: 8 | M31: =ROUND(((L31*$M$13)+L31)*4.345,0) -> 209 | N31: =IFERROR((Y31-SUM(O31,S31:X31)),"-") -> 0 | O31: =ROUND(Q31*AB31*1.5,0) -> 0 | Q31: =P31*4.345 -> 0 | R31: =M31+(P31*1.5*4.345) -> 209 | X31: 0 | Y31: =ROUND(IFERROR((Z31/12),"-"),0) -> 0 | AA31: =IF(Y31=N31+O31+S31+T31+U31+V31+W31+X31,"OK","NOTOK") -> OK | AB31: =(Y31)/R31 -> 0 | AC31: =IFERROR(IF(SUM(S31:U31)>0,(N31+SUM(S31:U31)-AR22)/M31,(N31+SUM(S31:U31))/M31),"-") -> 0 | AD31: =IFERROR(IF(AC31<$AR$6,"미준수","준수"),"-") -> 미준수 | AF31: =Y31-(S31+T31+U31) -> 0 | AG31: =IFERROR(ROUNDDOWN(IF(AF31>87000000,1507400+31034600+(AF31-87000000)*0.45,IF(AF31>45000000,1507400+13394600+(AF31-45000000)*0.42,IF(AF31>30000000,1507400+7394600+(AF31-30000000)*0.4,IF(AF31>28000000,1507400+6610600+(AF31-28000000)*0.98*0.4,IF(AF31>14000000,1507400+1397000+(AF31-14000000)*0.98*0.38,IF(AF31>10000000,1507400+25000+(AF31-10000000)*0.98*0.35,IF(AF31=10000000,1507400,VLOOKUP(AF31,간이세액표!$A$5:$M$651,(2+AR31),1)))))))),-1),0)-IF(AS31=0,0,IF(AS31=1,12500,IF(AQ16=2,29160,29160+(AS31-2)*25000))) -> 0 | AH31: =IFERROR(ROUNDDOWN(AG31*0.1,-1),0) -> 0 | AI31: =ROUNDDOWN(ROUNDDOWN(AF31,-3)*$AI$19,-1) -> 0 | AJ31: =ROUNDDOWN(AF31*$AJ$19,-1) -> 0 | AK31: =ROUNDDOWN(AJ31*$AK$19,-1) -> 0 | AL31: =ROUNDDOWN(AF31*$AL$19,-1) -> 0 | AN31: =SUM(AG31:AM31) -> 0 | AO31: =Y31-AN31 -> 0 | AQ31: =C31 -> 0 | AR31: 1
B32: =B31+1 -> 13 | K32: 정규직 | L32: 8 | M32: =ROUND(((L32*$M$13)+L32)*4.345,0) -> 209 | N32: =IFERROR((Y32-SUM(O32,S32:X32)),"-") -> 0 | O32: =ROUND(Q32*AB32*1.5,0) -> 0 | Q32: =P32*4.345 -> 0 | R32: =M32+(P32*1.5*4.345) -> 209 | X32: 0 | Y32: =ROUND(IFERROR((Z32/12),"-"),0) -> 0 | AA32: =IF(Y32=N32+O32+S32+T32+U32+V32+W32+X32,"OK","NOTOK") -> OK | AB32: =(Y32)/R32 -> 0 | AC32: =IFERROR(IF(SUM(S32:U32)>0,(N32+SUM(S32:U32)-AR23)/M32,(N32+SUM(S32:U32))/M32),"-") -> 0 | AD32: =IFERROR(IF(AC32<$AR$6,"미준수","준수"),"-") -> 미준수 | AF32: =Y32-(S32+T32+U32) -> 0 | AG32: =IFERROR(ROUNDDOWN(IF(AF32>87000000,1507400+31034600+(AF32-87000000)*0.45,IF(AF32>45000000,1507400+13394600+(AF32-45000000)*0.42,IF(AF32>30000000,1507400+7394600+(AF32-30000000)*0.4,IF(AF32>28000000,1507400+6610600+(AF32-28000000)*0.98*0.4,IF(AF32>14000000,1507400+1397000+(AF32-14000000)*0.98*0.38,IF(AF32>10000000,1507400+25000+(AF32-10000000)*0.98*0.35,IF(AF32=10000000,1507400,VLOOKUP(AF32,간이세액표!$A$5:$M$651,(2+AR32),1)))))))),-1),0)-IF(AS32=0,0,IF(AS32=1,12500,IF(AQ17=2,29160,29160+(AS32-2)*25000))) -> 0 | AH32: =IFERROR(ROUNDDOWN(AG32*0.1,-1),0) -> 0 | AI32: =ROUNDDOWN(ROUNDDOWN(AF32,-3)*$AI$19,-1) -> 0 | AJ32: =ROUNDDOWN(AF32*$AJ$19,-1) -> 0 | AK32: =ROUNDDOWN(AJ32*$AK$19,-1) -> 0 | AL32: =ROUNDDOWN(AF32*$AL$19,-1) -> 0 | AN32: =SUM(AG32:AM32) -> 0 | AO32: =Y32-AN32 -> 0 | AQ32: =C32 -> 0 | AR32: 1
... B46: =B45+1 -> 27 | K46: 정규직 | L46: 8 | M46: =ROUND(((L46*$M$13)+L46)*4.345,0) -> 209 | N46: =IFERROR((Y46-SUM(O46,S46:X46)),"-") -> 0 | O46: =ROUND(Q46*AB46*1.5,0) -> 0 | Q46: =P46*4.345 -> 0 | R46: =M46+(P46*1.5*4.345) -> 209 | X46: 0 | Y46: =ROUND(IFERROR((Z46/12),"-"),0) -> 0 | AA46: =IF(Y46=N46+O46+S46+T46+U46+V46+W46+X46,"OK","NOTOK") -> OK | AB46: =(Y46)/R46 -> 0 | AC46: =IFERROR(IF(SUM(S46:U46)>0,(N46+SUM(S46:U46)-AR37)/M46,(N46+SUM(S46:U46))/M46),"-") -> 0 | AD46: =IFERROR(IF(AC46<$AR$6,"미준수","준수"),"-") -> 미준수 | AF46: =Y46-(S46+T46+U46) -> 0 | AG46: =IFERROR(ROUNDDOWN(IF(AF46>87000000,1507400+31034600+(AF46-87000000)*0.45,IF(AF46>45000000,1507400+13394600+(AF46-45000000)*0.42,IF(AF46>30000000,1507400+7394600+(AF46-30000000)*0.4,IF(AF46>28000000,1507400+6610600+(AF46-28000000)*0.98*0.4,IF(AF46>14000000,1507400+1397000+(AF46-14000000)*0.98*0.38,IF(AF46>10000000,1507400+25000+(AF46-10000000)*0.98*0.35,IF(AF46=10000000,1507400,VLOOKUP(AF46,간이세액표!$A$5:$M$651,(2+AR46),1)))))))),-1),0)-IF(AS46=0,0,IF(AS46=1,12500,IF(AQ31=2,29160,29160+(AS46-2)*25000))) -> 0 | AH46: =IFERROR(ROUNDDOWN(AG46*0.1,-1),0) -> 0 | AI46: =ROUNDDOWN(ROUNDDOWN(AF46,-3)*$AI$19,-1) -> 0 | AJ46: =ROUNDDOWN(AF46*$AJ$19,-1) -> 0 | AK46: =ROUNDDOWN(AJ46*$AK$19,-1) -> 0 | AL46: =ROUNDDOWN(AF46*$AL$19,-1) -> 0 | AN46: =SUM(AG46:AM46) -> 0 | AO46: =Y46-AN46 -> 0 | AQ46: =C46 -> 0 | AR46: 1
C47: 1 | K47: 9 | L47: 10 | M47: =ROUND(((L47*$M$13)+L47)*4.345,0) -> 261 | N47: 12 | O47: 13 | P47: 14 | Q47: 15 | R47: 16 | S47: 17 | T47: 18 | U47: 19 | V47: 20 | W47: 21 | X47: 22 | Y47: 23 | Z47: 24 | AA47: 25 | AB47: 26 | AC47: 27 | AD47: =IFERROR(IF(AC47<$AR$6,"미준수","준수"),"-") -> 미준수

Sheet 간이세액표
A1: 2024년 근로소득에 대한 간이세액표(제189조 관련)
A3: 월급여액(천원) | C3: 공제대상가족의 수
A4: [비과세 및 학자금 제외］ | C4: 1 | D4: 2 | E4: 3 | F4: 4 | G4: 5 | H4: 6 | I4: 7 | J4: 8 | K4: 9 | L4: 10 | M4: 11
A5: 이상 | B5: 미만
A6: 770000 | B6: 775000 | C6: 0 | D6: 0 | E6: 0 | F6: 0 | G6: 0 | H6: 0 | I6: 0 | J6: 0 | K6: 0 | L6: 0 | M6: 0
A7: 775000 | B7: 780000 | C7: 0 | D7: 0 | E7: 0 | F7: 0 | G7: 0 | H7: 0 | I7: 0 | J7: 0 | K7: 0 | L7: 0 | M7: 0
A8: 780000 | B8: 785000 | C8: 0 | D8: 0 | E8: 0 | F8: 0 | G8: 0 | H8: 0 | I8: 0 | J8: 0 | K8: 0 | L8: 0 | M8: 0
A9: 785000 | B9: 790000 | C9: 0 | D9: 0 | E9: 0 | F9: 0 | G9: 0 | H9: 0 | I9: 0 | J9: 0 | K9: 0 | L9: 0 | M9: 0
A10: 790000 | B10: 795000 | C10: 0 | D10: 0 | E10: 0 | F10: 0 | G10: 0 | H10: 0 | I10: 0 | J10: 0 | K10: 0 | L10: 0 | M10: 0
A11: 795000 | B11: 800000 | C11: 0 | D11: 0 | E11: 0 | F11: 0 | G11: 0 | H11: 0 | I11: 0 | J11: 0 | K11: 0 | L11: 0 | M11: 0
A12: 800000 | B12: 805000 | C12: 0 | D12: 0 | E12: 0 | F12: 0 | G12: 0 | H12: 0 | I12: 0 | J12: 0 | K12: 0 | L12: 0 | M12: 0
A13: 805000 | B13: 810000 | C13: 0 | D13: 0 | E13: 0 | F13: 0 | G13: 0 | H13: 0 | I13: 0 | J13: 0 | K13: 0 | L13: 0 | M13: 0
A14: 810000 | B14: 815000 | C14: 0 | D14: 0 | E14: 0 | F14: 0 | G14: 0 | H14: 0 | I14: 0 | J14: 0 | K14: 0 | L14: 0 | M14: 0
A15: 815000 | B15: 820000 | C15: 0 | D15: 0 | E15: 0 | F15: 0 | G15: 0 | H15: 0 | I15: 0 | J15: 0 | K15: 0 | L15: 0 | M15: 0
A16: 820000 | B16: 825000 | C16: 0 | D16: 0 | E16: 0 | F16: 0 | G16: 0 | H16: 0 | I16: 0 | J16: 0 | K16: 0 | L16: 0 | M16: 0
A17: 825000 | B17: 830000 | C17: 0 | D17: 0 | E17: 0 | F17: 0 | G17: 0 | H17: 0 | I17: 0 | J17: 0 | K17: 0 | L17: 0 | M17: 0
... A652: 10000000 | B652: 10000000 | C652: 1507400 | D652: 1431570 | E652: 1200840 | F652: 1170840 | G652: 1140840 | H652: 1110840 | I652: 1080840 | J652: 1050840 | K652: 1020840 | L652: 990840 | M652: 960840
A653: 10,000천원 초과 14,000천원 이하 | C653: (10,000,000원인 경우의 해당 세액) + (10,000,000원을 초과하는 금액 중 98%를 곱한 금액의 35% 상당액) + (25,000원)
A654: 14,000천원 초과 28,000천원 이하 | C654: (1천만원인 경우의 해당세액) + (1,397,000원) + (14,000천원을 초과하는 금액 중 98퍼센트를 곱한 금액의 38퍼센트 상당액)
A656: 28,000천원 초과 30,000천원 이하 | C656: (10,000천원인 경우의 해당세액) + (6,610,600원) + (28,000천원을 초과하는 금액에 98퍼센트를 곱한 금액의 40퍼센트 상당액)
A658: 30,000천원 초과 45,000천원 이하 | C658: (10,000천원인 경우의 해당세액) + (7,394,600원) + (30,000천원을 초과하는 금액의 40퍼센트 상당액)
A660: 45,000천원 초과 87,000천원 이하 | C660: (10,000천원인 경우의 해당세액) + (13,394,600원) + (45,000천원을 초과하는 금액의 42퍼센트 상당액)
A662: 87,000천원 초과 | C662: (10,000천원인 경우의 해당세액) + (31,034,600원) + (87,000천원을 초과하는 금액의 45퍼센트 상당액)
B665: 수식 | C665: =IFERROR(ROUNDDOWN(IF(ab5>87000000,1507400+31034600+(ab5-87000000)*0.45,IF(ab5>45000000,1507400+13394600+(ab5-45000000)*0.42,IF(ab5>30000000,1507400+7394600+(ab5-30000000)*0.4,IF(ab5>28000000,1507400+6610600+(ab5-28000000)*0.98*0.4,IF(ab5>14000000,1507400+1397000+(ab5-14000000)*0.98*0.38,IF(ab5>10000000,1507400+25000+(ab5-10000000)*0.98*0.35,IF(ab5=10000000,1507400,VLOOKUP(ab5,간이세액표!$A$5:$M$651,3,1)))))))),-1),0)
C666: 위 수식 중 셀번호는 해당 급여대장의 과세 셀번호로 수정바랍니다. ( Ctrl+H 로 변경 )
B669: 수식 (공제가족수 반영) | C669: =IFERROR(ROUNDDOWN(IF(AB5>87000000,1507400+31034600+(AB5-87000000)*0.45,IF(AB5>45000000,1507400+13394600+(AB5-45000000)*0.42,IF(AB5>30000000,1507400+7394600+(AB5-30000000)*0.4,IF(AB5>28000000,1507400+6610600+(AB5-28000000)*0.98*0.4,IF(AB5>14000000,1507400+1397000+(AB5-14000000)*0.98*0.38,IF(AB5>10000000,1507400+25000+(AB5-10000000)*0.98*0.35,IF(AB5=10000000,1507400,VLOOKUP(AB5,간이세액표!$A$5:$M$651,(2+AM5),1)))))))),-1),0)
